control,tazko
0.8524582967515364,0.5047848990342405
0.81900790166813,0.8546971027216856
1.389640035118525,0.7239244951712029
0.9837576821773485,0.3923178226514486
1.1028094820017558,0.6940298507462687
0.8523266022827042,0.49727831431079894
