control,tazko
0.8079553704,0.0
0.1813292759,0.0
2.235434648,0.0
1.990534687,0.0
4.826725075,0.1418190459
0.3850848732,1.02312437
1.2578421,1.150150556
